SA1_Individual_part2_totalNZ_original_field_name,SA1_Individual_part2_totalNZ_shortened_field_name,SA1_Individual_part2_totalNZ_shapefile_field_name
OBJECTID,OBJECTID,FID
Shape,Shape,Shape
SA12018_V1_00,SA12018_V1_00,SA12018_V1
Census_2006_Religious_affiliation_total_response_00_No_religion_CURP,C06_Religion_No_Religion,C06_Religi
Census_2006_Religious_affiliation_total_response_01_Buddhism_CURP,C06_Religion_Buddhism,C06_Reli_1
Census_2006_Religious_affiliation_total_response_02_Christian_CURP,C06_Religion_Christian,C06_Reli_2
Census_2006_Religious_affiliation_total_response_03_Hinduism_CURP,C06_Religion_Hinduism,C06_Reli_3
Census_2006_Religious_affiliation_total_response_04_Islam_CURP,C06_Religion_Islam,C06_Reli_4
Census_2006_Religious_affiliation_total_response_05_Judaism_CURP,C06_Religion_Judaism,C06_Reli_5
Census_2006_Religious_affiliation_total_response_06_Māori_religions_beliefs_and_philosophies_CURP,C06_Religion_Maori_Religions,C06_Reli_6
Census_2006_Religious_affiliation_total_response_07_Spiritualism_and_New_Age_religions_CURP,C06_Religion_Spiritualism,C06_Reli_7
Census_2006_Religious_affiliation_total_response_08_Other_religions_beliefs_and_philosophies_CURP,C06_Religion_Other_Religions,C06_Reli_8
Census_2006_Religious_affiliation_total_response_80_Object_to_answering_CURP,C06_Religion_Object_to_answer,C06_Reli_9
Census_2006_Religious_affiliation_total_response_Total_stated_CURP,C06_Religion_TStated,C06_Reli10
Census_2006_Religious_affiliation_total_response_99_Not_elsewhere_included_CURP,C06_Religion_NEI,C06_Reli11
Census_2006_Religious_affiliation_total_response_Total_CURP,C06_Religion_Total,C06_Reli12
Census_2013_Religious_affiliation_total_response_00_No_religion_CURP,C13_Religion_No_Religion,C13_Religi
Census_2013_Religious_affiliation_total_response_01_Buddhism_CURP,C13_Religion_Buddhism,C13_Reli_1
Census_2013_Religious_affiliation_total_response_02_Christian_CURP,C13_Religion_Christian,C13_Reli_2
Census_2013_Religious_affiliation_total_response_03_Hinduism_CURP,C13_Religion_Hinduism,C13_Reli_3
Census_2013_Religious_affiliation_total_response_04_Islam_CURP,C13_Religion_Islam,C13_Reli_4
Census_2013_Religious_affiliation_total_response_05_Judaism_CURP,C13_Religion_Judaism,C13_Reli_5
Census_2013_Religious_affiliation_total_response_06_Māori_religions_beliefs_and_philosophies_CURP,C13_Religion_Maori_Religions,C13_Reli_6
Census_2013_Religious_affiliation_total_response_07_Spiritualism_and_New_Age_religions_CURP,C13_Religion_Spiritualism,C13_Reli_7
Census_2013_Religious_affiliation_total_response_08_Other_religions_beliefs_and_philosophies_CURP,C13_Religion_Other_Religions,C13_Reli_8
Census_2013_Religious_affiliation_total_response_80_Object_to_answering_CURP,C13_Religion_Object_to_answer,C13_Reli_9
Census_2013_Religious_affiliation_total_response_Total_stated_CURP,C13_Religion_TStated,C13_Reli10
Census_2013_Religious_affiliation_total_response_99_Not_elsewhere_included_CURP,C13_Religion_NEI,C13_Reli11
Census_2013_Religious_affiliation_total_response_Total_CURP,C13_Religion_Total,C13_Reli12
Census_2018_Religious_affiliation_total_response_00_No_religion_CURP,C18_Religion_No_Religion,C18_Religi
Census_2018_Religious_affiliation_total_response_01_Buddhism_CURP,C18_Religion_Buddhism,C18_Reli_1
Census_2018_Religious_affiliation_total_response_02_Christian_CURP,C18_Religion_Christian,C18_Reli_2
Census_2018_Religious_affiliation_total_response_03_Hinduism_CURP,C18_Religion_Hinduism,C18_Reli_3
Census_2018_Religious_affiliation_total_response_04_Islam_CURP,C18_Religion_Islam,C18_Reli_4
Census_2018_Religious_affiliation_total_response_05_Judaism_CURP,C18_Religion_Judaism,C18_Reli_5
Census_2018_Religious_affiliation_total_response_06_Māori_religions_beliefs_and_philosophies_CURP,C18_Religion_Maori_Religions,C18_Reli_6
Census_2018_Religious_affiliation_total_response_07_Spiritualism_and_New_Age_religions_CURP,C18_Religion_Spiritualism,C18_Reli_7
Census_2018_Religious_affiliation_total_response_08_Other_religions_beliefs_and_philosophies_CURP,C18_Religion_Other_Religions,C18_Reli_8
Census_2018_Religious_affiliation_total_response_80_Object_to_answering_CURP,C18_Religion_Object_to_answer,C18_Reli_9
Census_2018_Religious_affiliation_total_response_Total_stated_CURP,C18_Religion_TStated,C18_Reli10
Census_2018_Religious_affiliation_total_response_99_Not_elsewhere_included_CURP,C18_Religion_NEI,C18_Reli11
Census_2018_Religious_affiliation_total_response_Total_CURP,C18_Religion_Total,C18_Reli12
Census_2006_Smoking_status_01_Regular_smoker_CURP_15years_and_over,C06_Smoking_Regular,C06_Smokin
Census_2006_Smoking_status_02_Ex_smoker_CURP_15years_and_over,C06_Smoking_Ex_Smoker,C06_Smok_1
Census_2006_Smoking_status_03_Never_smoked_regularly_CURP_15years_and_over,C06_Smoking_Never_Smoked,C06_Smok_2
Census_2006_Smoking_status_Total_stated_CURP_15years_and_over,C06_Smoking_TStated,C06_Smok_3
Census_2006_Smoking_status_99_Not_elsewhere_included_CURP_15years_and_over,C06_Smoking_NEI,C06_Smok_4
Census_2006_Smoking_status_Total_CURP_15years_and_over,C06_Smoking_Total,C06_Smok_5
Census_2013_Smoking_status_01_Regular_smoker_CURP_15years_and_over,C13_Smoking_Regular,C13_Smokin
Census_2013_Smoking_status_02_Ex_smoker_CURP_15years_and_over,C13_Smoking_Ex_Smoker,C13_Smok_1
Census_2013_Smoking_status_03_Never_smoked_regularly_CURP_15years_and_over,C13_Smoking_Never_Smoked,C13_Smok_2
Census_2013_Smoking_status_Total_stated_CURP_15years_and_over,C13_Smoking_TStated,C13_Smok_3
Census_2013_Smoking_status_99_Not_elsewhere_included_CURP_15years_and_over,C13_Smoking_NEI,C13_Smok_4
Census_2013_Smoking_status_Total_CURP_15years_and_over,C13_Smoking_Total,C13_Smok_5
Census_2018_Smoking_status_01_Regular_smoker_CURP_15years_and_over,C18_Smoking_Regular,C18_Smokin
Census_2018_Smoking_status_02_Ex_smoker_CURP_15years_and_over,C18_Smoking_Ex_Smoker,C18_Smok_1
Census_2018_Smoking_status_03_Never_smoked_regularly_CURP_15years_and_over,C18_Smoking_Never_Smoked,C18_Smok_2
Census_2018_Smoking_status_Total_stated_CURP_15years_and_over,C18_Smoking_TStated,C18_Smok_3
Census_2018_Smoking_status_99_Not_elsewhere_included_CURP_15years_and_over,C18_Smoking_NEI,C18_Smok_4
Census_2018_Smoking_status_Total_CURP_15years_and_over,C18_Smoking_Total,C18_Smok_5
Census_2018_Difficulty_seeing_01_No_difficulty_CURP_5yrs_and_over,C18_Seeing_No_difficulty,C18_Seeing
Census_2018_Difficulty_seeing_02_Some_difficulty_CURP_5yrs_and_over,C18_Seeing_Some_difficulty,C18_Seei_1
Census_2018_Difficulty_seeing_03_A_lot_of_difficulty_CURP_5yrs_and_over,C18_Seeing_A_lot_of_difficulty,C18_Seei_2
Census_2018_Difficulty_seeing_04_Cannot_do_at_all_CURP_5yrs_and_over,C18_Seeing_Cannot_do_at_all,C18_Seei_3
Census_2018_Difficulty_seeing_Total_stated_CURP_5yrs_and_over,C18_Seeing_TStated,C18_Seei_4
Census_2018_Difficulty_seeing_99_Not_elsewhere_included_CURP_5yrs_and_over,C18_Seeing_NEI,C18_Seei_5
Census_2018_Difficulty_seeing_Total_CURP_5yrs_and_over,C18_Seeing_Total,C18_Seei_6
Census_2018_Difficulty_hearing_01_No_difficulty_CURP_5yrs_and_over,C18_Hearing_No_difficulty,C18_Hearin
Census_2018_Difficulty_hearing_02_Some_difficulty_CURP_5yrs_and_over,C18_Hearing_Some_difficulty,C18_Hear_1
Census_2018_Difficulty_hearing_03_A_lot_of_difficulty_CURP_5yrs_and_over,C18_Hearing_A_lot_of_difficult,C18_Hear_2
Census_2018_Difficulty_hearing_04_Cannot_do_at_all_CURP_5yrs_and_over,C18_Hearing_Cannot_do_at_all,C18_Hear_3
Census_2018_Difficulty_hearing_Total_stated_CURP_5yrs_and_over,C18_Hearing_TStated,C18_Hear_4
Census_2018_Difficulty_hearing_99_Not_elsewhere_included_CURP_5yrs_and_over,C18_Hearing_NEI,C18_Hear_5
Census_2018_Difficulty_hearing_Total_CURP_5yrs_and_over,C18_Hearing_Total,C18_Hear_6
Census_2018_Difficulty_walking_01_No_difficulty_CURP_5yrs_and_over,C18_Walking_No_difficulty,C18_Walkin
Census_2018_Difficulty_walking_02_Some_difficulty_CURP_5yrs_and_over,C18_Walking_Some_difficulty,C18_Walk_1
Census_2018_Difficulty_walking_03_A_lot_of_difficulty_CURP_5yrs_and_over,C18_Walking_A_lot_of_difficult,C18_Walk_2
Census_2018_Difficulty_walking_04_Cannot_do_at_all_CURP_5yrs_and_over,C18_Walking_Cannot_do_at_all,C18_Walk_3
Census_2018_Difficulty_walking_Total_stated_CURP_5yrs_and_over,C18_Walking_TStated,C18_Walk_4
Census_2018_Difficulty_walking_99_Not_elsewhere_included_CURP_5yrs_and_over,C18_Walking_NEI,C18_Walk_5
Census_2018_Difficulty_walking_Total_CURP_5yrs_and_over,C18_Walking_Total,C18_Walk_6
Census_2018_Difficulty_remembering_01_No_difficulty_CURP_5yrs_and_over,C18_Remembering_No_difficulty,C18_Rememb
Census_2018_Difficulty_remembering_02_Some_difficulty_CURP_5yrs_and_over,C18_Remembering_Some_difficult,C18_Reme_1
Census_2018_Difficulty_remembering_03_A_lot_of_difficulty_CURP_5yrs_and_over,C18_Remembering_A_lot_of_diffi,C18_Reme_2
Census_2018_Difficulty_remembering_04_Cannot_do_at_all_CURP_5yrs_and_over,C18_Remembering_Cannot_do,C18_Reme_3
Census_2018_Difficulty_remembering_Total_stated_CURP_5yrs_and_over,C18_Remembering_TStated,C18_Reme_4
Census_2018_Difficulty_remembering_99_Not_elsewhere_included_CURP_5yrs_and_over,C18_Remembering_NEI,C18_Reme_5
Census_2018_Difficulty_remembering_Total_CURP_5yrs_and_over,C18_Remembering_Total,C18_Reme_6
Census_2018_Difficulty_washing_01_No_difficulty_CURP_5yrs_and_over,C18_Washing_No_difficulty,C18_Washin
Census_2018_Difficulty_washing_02_Some_difficulty_CURP_5yrs_and_over,C18_Washing_Some_difficulty,C18_Wash_1
Census_2018_Difficulty_washing_03_A_lot_of_difficulty_CURP_5yrs_and_over,C18_Washing_A_lot_of_difficult,C18_Wash_2
Census_2018_Difficulty_washing_04_Cannot_do_at_all_CURP_5yrs_and_over,C18_Washing_Cannot_do_at_all,C18_Wash_3
Census_2018_Difficulty_washing_Total_stated_CURP_5yrs_and_over,C18_Washing_TStated,C18_Wash_4
Census_2018_Difficulty_washing_99_Not_elsewhere_included_CURP_5yrs_and_over,C18_Washing_NEI,C18_Wash_5
Census_2018_Difficulty_washing_Total_CURP_5yrs_and_over,C18_Washing_Total,C18_Wash_6
Census_2018_Difficulty_communicating_01_No_difficulty_CURP_5yrs_and_over,C18_Communicating_No_difficult,C18_Commun
Census_2018_Difficulty_communicating_02_Some_difficulty_CURP_5yrs_and_over,C18_Communicating_Some_difficu,C18_Comm_1
Census_2018_Difficulty_communicating_03_A_lot_of_difficulty_CURP_5yrs_and_over,C18_Communicating_A_lot_of_dif,C18_Comm_2
Census_2018_Difficulty_communicating_04_Cannot_do_at_all_CURP_5yrs_and_over,C18_Communicating_Cannot_do,C18_Comm_3
Census_2018_Difficulty_communicating_Total_stated_CURP_5yrs_and_over,C18_Communicating_TStated,C18_Comm_4
Census_2018_Difficulty_communicating_99_Not_elsewhere_included_CURP_5yrs_and_over,C18_Communicating_NEI,C18_Comm_5
Census_2018_Difficulty_communicating_Total_CURP_5yrs_and_over,C18_Communicating_Total,C18_Comm_6
Census_2006_Legally_registered_relationship_111_Married_not_separated_CURP_15years_and_over,C06_LegRelationship_Married,C06_LegRel
Census_2006_Legally_registered_relationship_200_Separated_divorced_or_dissolved_widowed_surviving_partner_CURP_15years_and_over,C06_LegRelationship_SepDivWido,C06_LegR_1
Census_2006_Legally_registered_relationship_311_Never_married_and_never_in_a_civil_union_CURP_15years_and_over,C06_LegRelationship_Never_Marr,C06_LegR_2
Census_2006_Legally_registered_relationship_Total_stated_CURP_15years_and_over,C06_LegRelationship_TStated,C06_LegR_3
Census_2006_Legally_registered_relationship_999_Not_elsewhere_included_CURP_15years_and_over,C06_LegRelationship_NEI,C06_LegR_4
Census_2006_Legally_registered_relationship_Total_CURP_15years_and_over,C06_LegRelationship_Total,C06_LegR_5
Census_2013_Legally_registered_relationship_111_Married_not_separated_CURP_15years_and_over,C13_LegRelationship_Married,C13_LegRel
Census_2013_Legally_registered_relationship_200_Separated_divorced_or_dissolved_widowed_surviving_partner_CURP_15years_and_over,C13_LegRelationship_SepDivWido,C13_LegR_1
Census_2013_Legally_registered_relationship_311_Never_married_and_never_in_a_civil_union_CURP_15years_and_over,C13_LegRelationship_Never_Marr,C13_LegR_2
Census_2013_Legally_registered_relationship_Total_stated_CURP_15years_and_over,C13_LegRelationship_TStated,C13_LegR_3
Census_2013_Legally_registered_relationship_999_Not_elsewhere_included_CURP_15years_and_over,C13_LegRelationship_NEI,C13_LegR_4
Census_2013_Legally_registered_relationship_Total_CURP_15years_and_over,C13_LegRelationship_Total,C13_LegR_5
Census_2018_Legally_registered_relationship_111_Married_not_separated_CURP_15years_and_over,C18_LegRelationship_Married,C18_LegRel
Census_2018_Legally_registered_relationship_200_Separated_divorced_or_dissolved_widowed_surviving_partner_CURP_15years_and_over,C18_LegRelationship_SepDivWido,C18_LegR_1
Census_2018_Legally_registered_relationship_311_Never_married_and_never_in_a_civil_union_CURP_15years_and_over,C18_LegRelationship_Never_Marr,C18_LegR_2
Census_2018_Legally_registered_relationship_Total_stated_CURP_15years_and_over,C18_LegRelationship_TStated,C18_LegR_3
Census_2018_Legally_registered_relationship_999_Not_elsewhere_included_CURP_15years_and_over,C18_LegRelationship_NEI,C18_LegR_4
Census_2018_Legally_registered_relationship_Total_CURP_15years_and_over,C18_LegRelationship_Total,C18_LegR_5
Census_2006_Partnership_status_1_Partnered_CURP_15years_and_over,C06_Partnership_Partnered,C06_Partne
Census_2006_Partnership_status_2_Non_partnered_CURP_15years_and_over,C06_Partnership_Non_partnered,C06_Part_1
Census_2006_Partnership_status_Total_stated_CURP_15years_and_over,C06_Partnership_TStated,C06_Part_2
Census_2006_Partnership_status_9_Not_stated_CURP_15years_and_over,C06_Partnership_Not_Stated,C06_Part_3
Census_2006_Partnership_status_Total_CURP_15years_and_over,C06_Partnership_Total,C06_Part_4
Census_2013_Partnership_status_1_Partnered_CURP_15years_and_over,C13_Partnership_Partnered,C13_Partne
Census_2013_Partnership_status_2_Non_partnered_CURP_15years_and_over,C13_Partnership_Non_partnered,C13_Part_1
Census_2013_Partnership_status_Total_stated_CURP_15years_and_over,C13_Partnership_TStated,C13_Part_2
Census_2013_Partnership_status_9_Not_stated_CURP_15years_and_over,C13_Partnership_Not_Stated,C13_Part_3
Census_2013_Partnership_status_Total_CURP_15years_and_over,C13_Partnership_Total,C13_Part_4
Census_2018_Partnership_status_1_Partnered_CURP_15years_and_over,C18_Partnership_Partnered,C18_Partne
Census_2018_Partnership_status_2_Non_partnered_CURP_15years_and_over,C18_Partnership_Non_partnered,C18_Part_1
Census_2018_Partnership_status_Total_stated_CURP_15years_and_over,C18_Partnership_TStated,C18_Part_2
Census_2018_Partnership_status_9_Not_stated_CURP_15years_and_over,C18_Partnership_Not_Stated,C18_Part_3
Census_2018_Partnership_status_Total_CURP_15years_and_over,C18_Partnership_Total,C18_Part_4
Census_2006_Individual_home_ownership_01_Hold_in_a_family_trust_CURP_15years_and_over,C06_HomeOwnership_Family_Trust,C06_HomeOw
Census_2006_Individual_home_ownership_02_Own_or_partly_own_CURP_15years_and_over,C06_HomeOwnership_Own_PartOwn,C06_Home_1
Census_2006_Individual_home_ownership_03_Do_not_own_and_do_not_hold_in_a_family_trust_CURP_15years_and_over,C06_HomeOwnership_Do_not_own,C06_Home_2
Census_2006_Individual_home_ownership_Total_stated_CURP_15years_and_over,C06_HomeOwnership_TStated,C06_Home_3
Census_2006_Individual_home_ownership_99_Not_elsewhere_included_CURP_15years_and_over,C06_HomeOwnership_NEI,C06_Home_4
Census_2006_Individual_home_ownership_Total_CURP_15years_and_over,C06_HomeOwnership_Total,C06_Home_5
Census_2013_Individual_home_ownership_01_Hold_in_a_family_trust_CURP_15years_and_over,C13_HomeOwnership_Family_Trust,C13_HomeOw
Census_2013_Individual_home_ownership_02_Own_or_partly_own_CURP_15years_and_over,C13_HomeOwnership_Own_PartOwn,C13_Home_1
Census_2013_Individual_home_ownership_03_Do_not_own_and_do_not_hold_in_a_family_trust_CURP_15years_and_over,C13_HomeOwnership_Do_not_own,C13_Home_2
Census_2013_Individual_home_ownership_Total_stated_CURP_15years_and_over,C13_HomeOwnership_TStated,C13_Home_3
Census_2013_Individual_home_ownership_99_Not_elsewhere_included_CURP_15years_and_over,C13_HomeOwnership_NEI,C13_Home_4
Census_2013_Individual_home_ownership_Total_CURP_15years_and_over,C13_HomeOwnership_Total,C13_Home_5
Census_2018_Individual_home_ownership_01_Hold_in_a_family_trust_CURP_15years_and_over,C18_HomeOwnership_Family_Trust,C18_HomeOw
Census_2018_Individual_home_ownership_02_Own_or_partly_own_CURP_15years_and_over,C18_HomeOwnership_Own_PartOwn,C18_Home_1
Census_2018_Individual_home_ownership_03_Do_not_own_and_do_not_hold_in_a_family_trust_CURP_15years_and_over,C18_HomeOwnership_Do_not_own,C18_Home_2
Census_2018_Individual_home_ownership_Total_stated_CURP_15years_and_over,C18_HomeOwnership_TStated,C18_Home_3
Census_2018_Individual_home_ownership_99_Not_elsewhere_included_CURP_15years_and_over,C18_HomeOwnership_NEI,C18_Home_4
Census_2018_Individual_home_ownership_Total_CURP_15years_and_over,C18_HomeOwnership_Total,C18_Home_5
Census_2006_Number_of_children_born_00_No_children_CURP_female_adult,C06_Number_ChildBorn_No_child,C06_Number
Census_2006_Number_of_children_born_01_One_child_CURP_female_adult,C06_Number_ChildBorn_One,C06_Numb_1
Census_2006_Number_of_children_born_02_Two_children_CURP_female_adult,C06_Number_ChildBorn_Two,C06_Numb_2
Census_2006_Number_of_children_born_03_Three_children_CURP_female_adult,C06_Number_ChildBorn_Three,C06_Numb_3
Census_2006_Number_of_children_born_04_Four_children_CURP_female_adult,C06_Number_ChildBorn_Four,C06_Numb_4
Census_2006_Number_of_children_born_05_Five_children_CURP_female_adult,C06_Number_ChildBorn_Five,C06_Numb_5
Census_2006_Number_of_children_born_06_Six_or_more_children_CURP_female_adult,C06_Number_ChildBorn_Six_more,C06_Numb_6
Census_2006_Number_of_children_born_55_Object_to_answering_CURP_female_adult,C06_Number_ChildBorn_ObjectAn,C06_Numb_7
Census_2006_Number_of_children_born_Total_stated_CURP_female_adult,C06_Number_ChildBorn_TStated,C06_Numb_8
Census_2006_Number_of_children_born_99_Not_elsewhere_included_CURP_female_adult,C06_Number_ChildBorn_NEI,C06_Numb_9
Census_2006_Number_of_children_born_Total_CURP_female_adult,C06_Number_ChildBorn_Total,C06_Numb10
Census_2013_Number_of_children_born_00_No_children_CURP_female_adult,C13_Number_ChildBorn_No_child,C13_Number
Census_2013_Number_of_children_born_01_One_child_CURP_female_adult,C13_Number_ChildBorn_One,C13_Numb_1
Census_2013_Number_of_children_born_02_Two_children_CURP_female_adult,C13_Number_ChildBorn_Two,C13_Numb_2
Census_2013_Number_of_children_born_03_Three_children_CURP_female_adult,C13_Number_ChildBorn_Three,C13_Numb_3
Census_2013_Number_of_children_born_04_Four_children_CURP_female_adult,C13_Number_ChildBorn_Four,C13_Numb_4
Census_2013_Number_of_children_born_05_Five_children_CURP_female_adult,C13_Number_ChildBorn_Five,C13_Numb_5
Census_2013_Number_of_children_born_06_Six_or_more_children_CURP_female_adult,C13_Number_ChildBorn_Six_more,C13_Numb_6
Census_2013_Number_of_children_born_55_Object_to_answering_CURP_female_adult,C13_Number_ChildBorn_ObjectAn,C13_Numb_7
Census_2013_Number_of_children_born_Total_stated_CURP_female_adult,C13_Number_ChildBorn_TStated,C13_Numb_8
Census_2013_Number_of_children_born_99_Not_elsewhere_included_CURP_female_adult,C13_Number_ChildBorn_NEI,C13_Numb_9
Census_2013_Number_of_children_born_Total_CURP_female_adult,C13_Number_ChildBorn_Total,C13_Numb10
Census_2018_Number_of_children_born_00_No_children_CURP_female_adult,C18_Number_ChildBorn_No_child,C18_Number
Census_2018_Number_of_children_born_01_One_child_CURP_female_adult,C18_Number_ChildBorn_One,C18_Numb_1
Census_2018_Number_of_children_born_02_Two_children_CURP_female_adult,C18_Number_ChildBorn_Two,C18_Numb_2
Census_2018_Number_of_children_born_03_Three_children_CURP_female_adult,C18_Number_ChildBorn_Three,C18_Numb_3
Census_2018_Number_of_children_born_04_Four_children_CURP_female_adult,C18_Number_ChildBorn_Four,C18_Numb_4
Census_2018_Number_of_children_born_05_Five_children_CURP_female_adult,C18_Number_ChildBorn_Five,C18_Numb_5
Census_2018_Number_of_children_born_06_Six_or_more_children_CURP_female_adult,C18_Number_ChildBorn_Six_more,C18_Numb_6
Census_2018_Number_of_children_born_55_Object_to_answering_CURP_female_adult,C18_Number_ChildBorn_ObjectAn,C18_Numb_7
Census_2018_Number_of_children_born_Total_stated_CURP_female_adult,C18_Number_ChildBorn_TStated,C18_Numb_8
Census_2018_Number_of_children_born_99_Not_elsewhere_included_CURP_female_adult,C18_Number_ChildBorn_NEI,C18_Numb_9
Census_2018_Number_of_children_born_Total_CURP_female_adult,C18_Number_ChildBorn_Total,C18_Numb10
Census_2006_Highest_qualification_000_No_qualification_CURP_15years_and_over,C06_HighestQual_No_quali,C06_Highes
Census_2006_Highest_qualification_001_Level_1_certificate_CURP_15years_and_over,C06_HighestQual_L1_Certi,C06_High_1
Census_2006_Highest_qualification_002_Level_2_certificate_CURP_15years_and_over,C06_HighestQual_L2_Certi,C06_High_2
Census_2006_Highest_qualification_003_Level_3_certificate_CURP_15years_and_over,C06_HighestQual_L3_Certi,C06_High_3
Census_2006_Highest_qualification_004_Level_4_certificate_CURP_15years_and_over,C06_HighestQual_L4_Certi,C06_High_4
Census_2006_Highest_qualification_005_Level_5_diploma_CURP_15years_and_over,C06_HighestQual_L5_Diplo,C06_High_5
Census_2006_Highest_qualification_006_Level_6_diploma_CURP_15years_and_over,C06_HighestQual_L6_Diplo,C06_High_6
Census_2006_Highest_qualification_007_Bachelor_degree_and_Level_7_qualification_CURP_15years_and_over,C06_HighestQual_Bachelor,C06_High_7
Census_2006_Highest_qualification_008_Post_graduate_and_honours_degrees_CURP_15years_and_over,C06_HighestQual_PostGrad,C06_High_8
Census_2006_Highest_qualification_009_Masters_degree_CURP_15years_and_over,C06_HighestQual_Masters,C06_High_9
Census_2006_Highest_qualification_010_Doctorate_degree_CURP_15years_and_over,C06_HighestQual_Doctorat,C06_High10
Census_2006_Highest_qualification_011_Overseas_secondary_school_qualification_CURP_15years_and_over,C06_HighestQual_OSSecSch,C06_High11
Census_2006_Highest_qualification_Total_stated_CURP_15years_and_over,C06_HighestQual_TStated,C06_High12
Census_2006_Highest_qualification_999_Not_elsewhere_included_CURP_15years_and_over,C06_HighestQual_NEI,C06_High13
Census_2006_Highest_qualification_Total_CURP_15years_and_over,C06_HighestQual_Total,C06_High14
Census_2013_Highest_qualification_000_No_qualification_CURP_15years_and_over,C13_HighestQual_No_quali,C13_Highes
Census_2013_Highest_qualification_001_Level_1_certificate_CURP_15years_and_over,C13_HighestQual_L1_Certi,C13_High_1
Census_2013_Highest_qualification_002_Level_2_certificate_CURP_15years_and_over,C13_HighestQual_L2_Certi,C13_High_2
Census_2013_Highest_qualification_003_Level_3_certificate_CURP_15years_and_over,C13_HighestQual_L3_Certi,C13_High_3
Census_2013_Highest_qualification_004_Level_4_certificate_CURP_15years_and_over,C13_HighestQual_L4_Certi,C13_High_4
Census_2013_Highest_qualification_005_Level_5_diploma_CURP_15years_and_over,C13_HighestQual_L5_Diplo,C13_High_5
Census_2013_Highest_qualification_006_Level_6_diploma_CURP_15years_and_over,C13_HighestQual_L6_Diplo,C13_High_6
Census_2013_Highest_qualification_007_Bachelor_degree_and_Level_7_qualification_CURP_15years_and_over,C13_HighestQual_Bachelor,C13_High_7
Census_2013_Highest_qualification_008_Post_graduate_and_honours_degrees_CURP_15years_and_over,C13_HighestQual_PostGrad,C13_High_8
Census_2013_Highest_qualification_009_Masters_degree_CURP_15years_and_over,C13_HighestQual_Masters,C13_High_9
Census_2013_Highest_qualification_010_Doctorate_degree_CURP_15years_and_over,C13_HighestQual_Doctorat,C13_High10
Census_2013_Highest_qualification_011_Overseas_secondary_school_qualification_CURP_15years_and_over,C13_HighestQual_OSSecSch,C13_High11
Census_2013_Highest_qualification_Total_stated_CURP_15years_and_over,C13_HighestQual_TStated,C13_High12
Census_2013_Highest_qualification_999_Not_elsewhere_included_CURP_15years_and_over,C13_HighestQual_NEI,C13_High13
Census_2013_Highest_qualification_Total_CURP_15years_and_over,C13_HighestQual_Total,C13_High14
Census_2018_Highest_qualification_000_No_qualification_CURP_15years_and_over,C18_HighestQual_No_quali,C18_Highes
Census_2018_Highest_qualification_001_Level_1_certificate_CURP_15years_and_over,C18_HighestQual_L1_Certi,C18_High_1
Census_2018_Highest_qualification_002_Level_2_certificate_CURP_15years_and_over,C18_HighestQual_L2_Certi,C18_High_2
Census_2018_Highest_qualification_003_Level_3_certificate_CURP_15years_and_over,C18_HighestQual_L3_Certi,C18_High_3
Census_2018_Highest_qualification_004_Level_4_certificate_CURP_15years_and_over,C18_HighestQual_L4_Certi,C18_High_4
Census_2018_Highest_qualification_005_Level_5_diploma_CURP_15years_and_over,C18_HighestQual_L5_Diplo,C18_High_5
Census_2018_Highest_qualification_006_Level_6_diploma_CURP_15years_and_over,C18_HighestQual_L6_Diplo,C18_High_6
Census_2018_Highest_qualification_007_Bachelor_degree_and_Level_7_qualification_CURP_15years_and_over,C18_HighestQual_Bachelor,C18_High_7
Census_2018_Highest_qualification_008_Post_graduate_and_honours_degrees_CURP_15years_and_over,C18_HighestQual_PostGrad,C18_High_8
Census_2018_Highest_qualification_009_Masters_degree_CURP_15years_and_over,C18_HighestQual_Masters,C18_High_9
Census_2018_Highest_qualification_010_Doctorate_degree_CURP_15years_and_over,C18_HighestQual_Doctorat,C18_High10
Census_2018_Highest_qualification_011_Overseas_secondary_school_qualification_CURP_15years_and_over,C18_HighestQual_OSSecSch,C18_High11
Census_2018_Highest_qualification_Total_stated_CURP_15years_and_over,C18_HighestQual_TStated,C18_High12
Census_2018_Highest_qualification_999_Not_elsewhere_included_CURP_15years_and_over,C18_HighestQual_NEI,C18_High13
Census_2018_Highest_qualification_Total_CURP_15years_and_over,C18_HighestQual_Total,C18_High14
Census_2018_Study_participation_01_Full_time_study_CURP,C18_Study_Full_time_CURP,C18_Study_
Census_2018_Study_participation_02_Part_time_study_CURP,C18_Study_Part_time_CURP,C18_Stud_1
Census_2018_Study_participation_04_Not_studying_CURP,C18_Study_NotStudying_CURP,C18_Stud_2
Census_2018_Study_participation_Total_stated_CURP,C18_Study_Tstated_CURP,C18_Stud_3
Census_2018_Study_participation_99_Not_elsewhere_included_CURP,C18_Study_NEI_CURP,C18_Stud_4
Census_2018_Study_participation_Total_CURP,C18_Study_Total_CURP,C18_Stud_5
Census_2018_Study_participation_01_Full_time_study_CURP_5yrs_and_over,C18_Study_Full_time_CURP_5yrs,C18_Stud_6
Census_2018_Study_participation_02_Part_time_study_CURP_5yrs_and_over,C18_Study_Part_time_CURP_5yrs,C18_Stud_7
Census_2018_Study_participation_04_Not_studying_CURP_5yrs_and_over,C18_Study_NotStudying_CURP5yrs,C18_Stud_8
Census_2018_Study_participation_Total_stated_CURP_5yrs_and_over,C18_Study_Tstated_CURP_5yrs,C18_Stud_9
Census_2018_Study_participation_99_Not_elsewhere_included_CURP_5yrs_and_over,C18_Study_NEI_CURP_5yrs,C18_Stud10
Census_2018_Study_participation_Total_CURP_5yrs_and_over,C18_Study_Total_CURP_5yrs,C18_Stud11
Census_2006_Grouped_personal_income_1_5000_or_less_CURP_15years_and_over,C06_GroupedPersIncome_5K_Less,C06_Groupe
Census_2006_Grouped_personal_income_2_5001_to_10000_CURP_15years_and_over,C06_GroupedPersIncome_5K_10K,C06_Grou_1
Census_2006_Grouped_personal_income_3_10001_to_20000_CURP_15years_and_over,C06_GroupedPersIncome_10K_20K,C06_Grou_2
Census_2006_Grouped_personal_income_4_20001_to_30000_CURP_15years_and_over,C06_GroupedPersIncome_20K_30K,C06_Grou_3
Census_2006_Grouped_personal_income_5_30001_to_50000_CURP_15years_and_over,C06_GroupedPersIncome_30K_50K,C06_Grou_4
Census_2006_Grouped_personal_income_6_50001_to_70000_CURP_15years_and_over,C06_GroupedPersIncome_50K_70K,C06_Grou_5
Census_2006_Grouped_personal_income_7_70001_or_more_CURP_15years_and_over,C06_GroupedPersIncome_70K_More,C06_Grou_6
Census_2006_Grouped_personal_income_Total_stated_CURP_15years_and_over,C06_GroupedPersIncome_TStated,C06_Grou_7
Census_2006_Grouped_personal_income_9_Not_stated_CURP_15years_and_over,C06_GroupedPersIncome_NotState,C06_Grou_8
Census_2006_Grouped_personal_income_Total_CURP_15years_and_over,C06_GroupedPersIncome_Total,C06_Grou_9
Census_2006_Total_personal_income_Median_CURP_15years_and_over,C06_GroupedPersIncome_Median,C06_Grou10
Census_2013_Grouped_personal_income_1_5000_or_less_CURP_15years_and_over,C13_GroupedPersIncome_5K_Less,C13_Groupe
Census_2013_Grouped_personal_income_2_5001_to_10000_CURP_15years_and_over,C13_GroupedPersIncome_5K_10K,C13_Grou_1
Census_2013_Grouped_personal_income_3_10001_to_20000_CURP_15years_and_over,C13_GroupedPersIncome_10K_20K,C13_Grou_2
Census_2013_Grouped_personal_income_4_20001_to_30000_CURP_15years_and_over,C13_GroupedPersIncome_20K_30K,C13_Grou_3
Census_2013_Grouped_personal_income_5_30001_to_50000_CURP_15years_and_over,C13_GroupedPersIncome_30K_50K,C13_Grou_4
Census_2013_Grouped_personal_income_6_50001_to_70000_CURP_15years_and_over,C13_GroupedPersIncome_50K_70K,C13_Grou_5
Census_2013_Grouped_personal_income_7_70001_or_more_CURP_15years_and_over,C13_GroupedPersIncome_70K_More,C13_Grou_6
Census_2013_Grouped_personal_income_Total_stated_CURP_15years_and_over,C13_GroupedPersIncome_TStated,C13_Grou_7
Census_2013_Grouped_personal_income_9_Not_stated_CURP_15years_and_over,C13_GroupedPersIncome_NotState,C13_Grou_8
Census_2013_Grouped_personal_income_Total_CURP_15years_and_over,C13_GroupedPersIncome_Total,C13_Grou_9
Census_2013_Total_personal_income_Median_CURP_15years_and_over,C13_GroupedPersIncome_Median,C13_Grou10
Census_2018_Grouped_personal_income_1_5000_or_less_CURP_15years_and_over,C18_GroupedPersIncome_5K_Less,C18_Groupe
Census_2018_Grouped_personal_income_2_5001_to_10000_CURP_15years_and_over,C18_GroupedPersIncome_5K_10K,C18_Grou_1
Census_2018_Grouped_personal_income_3_10001_to_20000_CURP_15years_and_over,C18_GroupedPersIncome_10K_20K,C18_Grou_2
Census_2018_Grouped_personal_income_4_20001_to_30000_CURP_15years_and_over,C18_GroupedPersIncome_20K_30K,C18_Grou_3
Census_2018_Grouped_personal_income_5_30001_to_50000_CURP_15years_and_over,C18_GroupedPersIncome_30K_50K,C18_Grou_4
Census_2018_Grouped_personal_income_6_50001_to_70000_CURP_15years_and_over,C18_GroupedPersIncome_50K_70K,C18_Grou_5
Census_2018_Grouped_personal_income_7_70001_or_more_CURP_15years_and_over,C18_GroupedPersIncome_70K_More,C18_Grou_6
Census_2018_Grouped_personal_income_Total_stated_CURP_15years_and_over,C18_GroupedPersIncome_TStated,C18_Grou_7
Census_2018_Grouped_personal_income_9_Not_stated_CURP_15years_and_over,C18_GroupedPersIncome_NotState,C18_Grou_8
Census_2018_Grouped_personal_income_Total_CURP_15years_and_over,C18_GroupedPersIncome_Total,C18_Grou_9
Census_2018_Total_personal_income_Median_CURP_15years_and_over,C18_GroupedPersIncome_Median,C18_Grou10
Census_2006_Sources_of_personal_income_total_responses_00_No_source_of_income_during_that_time_CURP_15years_and_over,C06_IncomeSource_No_Source,C06_Income
Census_2006_Sources_of_personal_income_total_responses_01_Wages_salary_commissions_bonuses_etc_paid_by_my_employer_CURP_15years_and_over,C06_IncomeSource_WageSalaryCom,C06_Inco_1
Census_2006_Sources_of_personal_income_total_responses_02_Self_employment_or_business_I_own_and_work_in_CURP_15years_and_over,C06_IncomeSource_Self_Employed,C06_Inco_2
Census_2006_Sources_of_personal_income_total_responses_03_Interest_dividends_rent_other_investments_CURP_15years_and_over,C06_IncomeSource_InvestRentDiv,C06_Inco_3
Census_2006_Sources_of_personal_income_total_responses_04_Regular_payments_from_ACC_or_a_private_work_accident_insurer_CURP_15years_and_over,C06_IncomeSource_ACC_PriInsure,C06_Inco_4
Census_2006_Sources_of_personal_income_total_responses_05_New_Zealand_Superannuation_or_Veterans_Pension_CURP_15years_and_over,C06_IncomeSource_NZSuperVetPen,C06_Inco_5
Census_2006_Sources_of_personal_income_total_responses_06_Other_superannuation_pensions_or_annuities_other_than_NZ_Superannuation_Veterans_Pension_or_war_pensions_CURP_15years_and_over,C06_IncomeSource_Other_Pension,C06_Inco_6
Census_2006_Sources_of_personal_income_total_responses_07_Jobseeker_Support_CURP_15years_and_over,C06_IncomeSource_Jobseeker_Sup,C06_Inco_7
Census_2006_Sources_of_personal_income_total_responses_08_Sole_Parent_Support_CURP_15years_and_over,C06_IncomeSource_SoleParentSup,C06_Inco_8
Census_2006_Sources_of_personal_income_total_responses_09_Supported_Living_Payment_CURP_15years_and_over,C06_IncomeSource_SuppLivingPay,C06_Inco_9
Census_2006_Sources_of_personal_income_total_responses_10_Student_Allowance_CURP_15years_and_over,C06_IncomeSource_StudentAllowa,C06_Inco10
Census_2006_Sources_of_personal_income_total_responses_11_Other_government_benefits_government_income_support_payments_war_pensions_or_paid_parental_leave_CURP_15years_and_over,C06_IncomeSource_Other_Benefit,C06_Inco11
Census_2006_Sources_of_personal_income_total_responses_12_Other_sources_of_income_including_support_payments_from_people_who_do_not_live_in_my_household_CURP_15years_and_over,C06_IncomeSource_Other_Sources,C06_Inco12
Census_2006_Sources_of_personal_income_total_responses_Total_stated_CURP_15years_and_over,C06_IncomeSource_TStated,C06_Inco13
Census_2006_Sources_of_personal_income_total_responses_99_Not_stated_CURP_15years_and_over,C06_IncomeSource_NotStated,C06_Inco14
Census_2006_Sources_of_personal_income_total_responses_Total_CURP_15years_and_over,C06_IncomeSource_Total,C06_Inco15
Census_2013_Sources_of_personal_income_total_responses_00_No_source_of_income_during_that_time_CURP_15years_and_over,C13_IncomeSource_No_Source,C13_Income
Census_2013_Sources_of_personal_income_total_responses_01_Wages_salary_commissions_bonuses_etc_paid_by_my_employer_CURP_15years_and_over,C13_IncomeSource_WageSalaryCom,C13_Inco_1
Census_2013_Sources_of_personal_income_total_responses_02_Self_employment_or_business_I_own_and_work_in_CURP_15years_and_over,C13_IncomeSource_Self_Employed,C13_Inco_2
Census_2013_Sources_of_personal_income_total_responses_03_Interest_dividends_rent_other_investments_CURP_15years_and_over,C13_IncomeSource_InvestRentDiv,C13_Inco_3
Census_2013_Sources_of_personal_income_total_responses_04_Regular_payments_from_ACC_or_a_private_work_accident_insurer_CURP_15years_and_over,C13_IncomeSource_ACC_PriInsure,C13_Inco_4
Census_2013_Sources_of_personal_income_total_responses_05_New_Zealand_Superannuation_or_Veterans_Pension_CURP_15years_and_over,C13_IncomeSource_NZSuperVetPen,C13_Inco_5
Census_2013_Sources_of_personal_income_total_responses_06_Other_superannuation_pensions_or_annuities_other_than_NZ_Superannuation_Veterans_Pension_or_war_pensions_CURP_15years_and_over,C13_IncomeSource_Other_Pension,C13_Inco_6
Census_2013_Sources_of_personal_income_total_responses_07_Jobseeker_Support_CURP_15years_and_over,C13_IncomeSource_Jobseeker_Sup,C13_Inco_7
Census_2013_Sources_of_personal_income_total_responses_08_Sole_Parent_Support_CURP_15years_and_over,C13_IncomeSource_SoleParentSup,C13_Inco_8
Census_2013_Sources_of_personal_income_total_responses_09_Supported_Living_Payment_CURP_15years_and_over,C13_IncomeSource_SuppLivingPay,C13_Inco_9
Census_2013_Sources_of_personal_income_total_responses_10_Student_Allowance_CURP_15years_and_over,C13_IncomeSource_StudentAllowa,C13_Inco10
Census_2013_Sources_of_personal_income_total_responses_11_Other_government_benefits_government_income_support_payments_war_pensions_or_paid_parental_leave_CURP_15years_and_over,C13_IncomeSource_Other_Benefit,C13_Inco11
Census_2013_Sources_of_personal_income_total_responses_12_Other_sources_of_income_including_support_payments_from_people_who_do_not_live_in_my_household_CURP_15years_and_over,C13_IncomeSource_Other_Sources,C13_Inco12
Census_2013_Sources_of_personal_income_total_responses_Total_stated_CURP_15years_and_over,C13_IncomeSource_TStated,C13_Inco13
Census_2013_Sources_of_personal_income_total_responses_99_Not_stated_CURP_15years_and_over,C13_IncomeSource_NotStated,C13_Inco14
Census_2013_Sources_of_personal_income_total_responses_Total_CURP_15years_and_over,C13_IncomeSource_Total,C13_Inco15
Census_2018_Sources_of_personal_income_total_responses_00_No_source_of_income_during_that_time_CURP_15years_and_over,C18_IncomeSource_No_Source,C18_Income
Census_2018_Sources_of_personal_income_total_responses_01_Wages_salary_commissions_bonuses_etc_paid_by_my_employer_CURP_15years_and_over,C18_IncomeSource_WageSalaryCom,C18_Inco_1
Census_2018_Sources_of_personal_income_total_responses_02_Self_employment_or_business_I_own_and_work_in_CURP_15years_and_over,C18_IncomeSource_Self_Employed,C18_Inco_2
Census_2018_Sources_of_personal_income_total_responses_03_Interest_dividends_rent_other_investments_CURP_15years_and_over,C18_IncomeSource_InvestRentDiv,C18_Inco_3
Census_2018_Sources_of_personal_income_total_responses_04_Regular_payments_from_ACC_or_a_private_work_accident_insurer_CURP_15years_and_over,C18_IncomeSource_ACC_PriInsure,C18_Inco_4
Census_2018_Sources_of_personal_income_total_responses_05_New_Zealand_Superannuation_or_Veterans_Pension_CURP_15years_and_over,C18_IncomeSource_NZSuperVetPen,C18_Inco_5
Census_2018_Sources_of_personal_income_total_responses_06_Other_superannuation_pensions_or_annuities_other_than_NZ_Superannuation_Veterans_Pension_or_war_pensions_CURP_15years_and_over,C18_IncomeSource_Other_Pension,C18_Inco_6
Census_2018_Sources_of_personal_income_total_responses_07_Jobseeker_Support_CURP_15years_and_over,C18_IncomeSource_Jobseeker_Sup,C18_Inco_7
Census_2018_Sources_of_personal_income_total_responses_08_Sole_Parent_Support_CURP_15years_and_over,C18_IncomeSource_SoleParentSup,C18_Inco_8
Census_2018_Sources_of_personal_income_total_responses_09_Supported_Living_Payment_CURP_15years_and_over,C18_IncomeSource_SuppLivingPay,C18_Inco_9
Census_2018_Sources_of_personal_income_total_responses_10_Student_Allowance_CURP_15years_and_over,C18_IncomeSource_StudentAllowa,C18_Inco10
Census_2018_Sources_of_personal_income_total_responses_11_Other_government_benefits_government_income_support_payments_war_pensions_or_paid_parental_leave_CURP_15years_and_over,C18_IncomeSource_Other_Benefit,C18_Inco11
Census_2018_Sources_of_personal_income_total_responses_12_Other_sources_of_income_including_support_payments_from_people_who_do_not_live_in_my_household_CURP_15years_and_over,C18_IncomeSource_Other_Sources,C18_Inco12
Census_2018_Sources_of_personal_income_total_responses_Total_stated_CURP_15years_and_over,C18_IncomeSource_TStated,C18_Inco13
Census_2018_Sources_of_personal_income_total_responses_99_Not_stated_CURP_15years_and_over,C18_IncomeSource_NotStated,C18_Inco14
Census_2018_Sources_of_personal_income_total_responses_Total_CURP_15years_and_over,C18_IncomeSource_Total,C18_Inco15
Census_2018_Travel_to_education_by_usual_residence_address_001_Study_at_home_CURP_studying,C18_TravEdu_URAdr_StudyAtHome,C18_TravEd
Census_2018_Travel_to_education_by_usual_residence_address_002_Drive_a_car_truck_or_van_CURP_studying,C18_TravEdu_URAdr_Drive_Car,C18_Trav_1
Census_2018_Travel_to_education_by_usual_residence_address_003_Passenger_in_a_car_truck_or_van_CURP_studying,C18_TravEdu_URAdr_PassengrCar,C18_Trav_2
Census_2018_Travel_to_education_by_usual_residence_address_004_Bicycle_CURP_studying,C18_TravEdu_URAdr_Bicycle,C18_Trav_3
Census_2018_Travel_to_education_by_usual_residence_address_005_Walk_or_jog_CURP_studying,C18_TravEdu_URAdr_Walk,C18_Trav_4
Census_2018_Travel_to_education_by_usual_residence_address_006_School_bus_CURP_studying,C18_TravEdu_URAdr_School_Bus,C18_Trav_5
Census_2018_Travel_to_education_by_usual_residence_address_007_Public_bus_CURP_studying,C18_TravEdu_URAdr_Public_Bus,C18_Trav_6
Census_2018_Travel_to_education_by_usual_residence_address_008_Train_CURP_studying,C18_TravEdu_URAdr_Train,C18_Trav_7
Census_2018_Travel_to_education_by_usual_residence_address_009_Ferry_CURP_studying,C18_TravEdu_URAdr_Ferry,C18_Trav_8
Census_2018_Travel_to_education_by_usual_residence_address_010_Other_CURP_studying,C18_TravEdu_URAdr_Other,C18_Trav_9
Census_2018_Travel_to_education_by_usual_residence_address_Total_stated_CURP_studying,C18_TravEdu_URAdr_TStated,C18_Trav10
Census_2018_Travel_to_education_by_usual_residence_address_999_Not_elsewhere_included_CURP_studying,C18_TravEdu_URAdr_NEI,C18_Trav11
Census_2018_Travel_to_education_by_usual_residence_address_Total_CURP_studying,C18_TravEdu_URAdr_Total,C18_Trav12
Census_2018_Travel_to_education_by_education_address_001_Study_at_home_CURP_studying,C18_TravEdu_EduAdr_Studyathome,C18_Trav13
Census_2018_Travel_to_education_by_education_address_002_Drive_a_car_truck_or_van_CURP_studying,C18_TravEdu_EduAdr_Drive_Car,C18_Trav14
Census_2018_Travel_to_education_by_education_address_003_Passenger_in_a_car_truck_or_van_CURP_studying,C18_TravEdu_EduAdr_PassengrCar,C18_Trav15
Census_2018_Travel_to_education_by_education_address_004_Bicycle_CURP_studying,C18_TravEdu_EduAdr_Bicycle,C18_Trav16
Census_2018_Travel_to_education_by_education_address_005_Walk_or_jog_CURP_studying,C18_TravEdu_EduAdr_Walk,C18_Trav17
Census_2018_Travel_to_education_by_education_address_006_School_bus_CURP_studying,C18_TravEdu_EduAdr_School_Bus,C18_Trav18
Census_2018_Travel_to_education_by_education_address_007_Public_bus_CURP_studying,C18_TravEdu_EduAdr_Public_Bus,C18_Trav19
Census_2018_Travel_to_education_by_education_address_008_Train_CURP_studying,C18_TravEdu_EduAdr_Train,C18_Trav20
Census_2018_Travel_to_education_by_education_address_009_Ferry_CURP_studying,C18_TravEdu_EduAdr_Ferry,C18_Trav21
Census_2018_Travel_to_education_by_education_address_010_Other_CURP_studying,C18_TravEdu_EduAdr_Other,C18_Trav22
Census_2018_Travel_to_education_by_education_address_Total_stated_CURP_studying,C18_TravEdu_EduAdr_TStated,C18_Trav23
Census_2018_Travel_to_education_by_education_address_999_Not_elsewhere_included_CURP_studying,C18_TravEdu_EduAdr_NEI,C18_Trav24
Census_2018_Travel_to_education_by_education_address_Total_CURP_studying,C18_TravEdu_EduAdr_Total,C18_Trav25
LANDWATER,LANDWATER,LANDWATER
LANDWATER_NAME,LANDWATER_NAME,LANDWATER_
AREA_SQ_KM,AREA_SQ_KM,AREA_SQ_KM
LAND_AREA_SQ_KM,LAND_AREA_SQ_KM,LAND_AREA_
SHAPE_Length,SHAPE_Length,SHAPE_Leng
